{
  "results": [
    {
      "command": "NaijaScript",
      "mean": 0.29078499277000003,
      "stddev": 0.0034368045440460624,
      "median": 0.28954263201999997,
      "user": 0.2215021966666667,
      "system": 0.06581871333333332,
      "min": 0.28784042302,
      "max": 0.29934592302,
      "times": [
        0.29934592302,
        0.28853750702000003,
        0.29516417302000003,
        0.29257396502,
        0.28944950702,
        0.28865196502,
        0.29032321502,
        0.28859396502,
        0.29128004802,
        0.28963575702,
        0.28784042302,
        0.28802346502000004
      ],
      "exit_codes": [
        0,
        0,
        0,
        0,
        0,
        0,
        0,
        0,
        0,
        0,
        0,
        0
      ]
    },
    {
      "command": "JavaScript",
      "mean": 0.03413728435333333,
      "stddev": 0.0005801428919579498,
      "median": 0.03430538152,
      "user": 0.024349196666666666,
      "system": 0.005001463333333333,
      "min": 0.03313884002,
      "max": 0.03493459002,
      "times": [
        0.03424859002,
        0.03457725702,
        0.03466479802,
        0.03341538202,
        0.03493459002,
        0.03467034002,
        0.03313884002,
        0.033783340020000004,
        0.03407946502,
        0.033399006020000004,
        0.03437363102,
        0.03436217302
      ],
      "exit_codes": [
        0,
        0,
        0,
        0,
        0,
        0,
        0,
        0,
        0,
        0,
        0,
        0
      ]
    },
    {
      "command": "Python",
      "mean": 0.12531059018666668,
      "stddev": 0.0010461841812793929,
      "median": 0.12502777802,
      "user": 0.12097803000000001,
      "system": 0.0034610466666666665,
      "min": 0.12353829802,
      "max": 0.12766896502,
      "times": [
        0.12353829802,
        0.12561738202,
        0.12490254802000002,
        0.12673909002,
        0.12513229902,
        0.12472592402,
        0.12481321502000002,
        0.12492325702000003,
        0.12766896502,
        0.12541017402,
        0.12543429802,
        0.12482163202
      ],
      "exit_codes": [
        0,
        0,
        0,
        0,
        0,
        0,
        0,
        0,
        0,
        0,
        0,
        0
      ]
    }
  ]
}
