{
  "results": [
    {
      "command": "NaijaScript",
      "mean": 0.0014628313700000006,
      "stddev": 0.00025622877640681156,
      "median": 0.001397675120000001,
      "user": 0.0007561833333333332,
      "system": 0.0005336233333333333,
      "min": 0.0012072166200000007,
      "max": 0.0019306336200000012,
      "times": [
        0.0013383416200000008,
        0.0015223836200000005,
        0.0012337586200000007,
        0.001231841620000001,
        0.0019306336200000012,
        0.0012755916200000005,
        0.0018098416200000005,
        0.0012072166200000007,
        0.001457008620000001,
        0.001213133620000001,
        0.0015902586200000008,
        0.0017439666200000006
      ],
      "exit_codes": [
        0,
        0,
        0,
        0,
        0,
        0,
        0,
        0,
        0,
        0,
        0,
        0
      ]
    },
    {
      "command": "JavaScript",
      "mean": 0.02756347362,
      "stddev": 0.0005703674985801214,
      "median": 0.027336216620000003,
      "user": 0.017558099999999997,
      "system": 0.004694123333333332,
      "min": 0.02687488362,
      "max": 0.02890667562,
      "times": [
        0.02788234162,
        0.027832841620000003,
        0.028126424620000003,
        0.02890667562,
        0.02778988362,
        0.027351799620000002,
        0.02730246662,
        0.02687488362,
        0.027052091620000003,
        0.02716709162,
        0.027154549620000003,
        0.027320633620000003
      ],
      "exit_codes": [
        0,
        0,
        0,
        0,
        0,
        0,
        0,
        0,
        0,
        0,
        0,
        0
      ]
    },
    {
      "command": "Python",
      "mean": 0.016769011786666663,
      "stddev": 0.00018269454444202416,
      "median": 0.01675575812,
      "user": 0.012967349999999997,
      "system": 0.003072373333333333,
      "min": 0.016518841620000002,
      "max": 0.017107800620000002,
      "times": [
        0.017107800620000002,
        0.01707588362,
        0.016688175620000002,
        0.01655096662,
        0.016518841620000002,
        0.01663350862,
        0.01681692462,
        0.01666050762,
        0.01677059162,
        0.01674092462,
        0.01684579962,
        0.01681821662
      ],
      "exit_codes": [
        0,
        0,
        0,
        0,
        0,
        0,
        0,
        0,
        0,
        0,
        0,
        0
      ]
    }
  ]
}
