{
  "results": [
    {
      "command": "NaijaScript",
      "mean": 0.0043948503066666665,
      "stddev": 0.00018356640316534125,
      "median": 0.004385110639999999,
      "user": 0.002980123333333333,
      "system": 0.00105071,
      "min": 0.004060111139999999,
      "max": 0.004735194139999999,
      "times": [
        0.004735194139999999,
        0.00434415214,
        0.00437798614,
        0.004195319139999999,
        0.00446752714,
        0.00437506914,
        0.004060111139999999,
        0.004392235139999999,
        0.00459390214,
        0.0044153601399999996,
        0.00422581914,
        0.004555528139999999
      ],
      "exit_codes": [
        0,
        0,
        0,
        0,
        0,
        0,
        0,
        0,
        0,
        0,
        0,
        0
      ]
    },
    {
      "command": "JavaScript",
      "mean": 0.028628201056666667,
      "stddev": 0.000637551410039215,
      "median": 0.028582986140000002,
      "user": 0.01916412333333333,
      "system": 0.005039709999999999,
      "min": 0.027743110140000003,
      "max": 0.02997777714,
      "times": [
        0.028977069140000002,
        0.02997777714,
        0.028083110140000003,
        0.02913306914,
        0.028559694140000005,
        0.028349153140000003,
        0.02867936114,
        0.02860627814,
        0.02834936114,
        0.027743110140000003,
        0.02782823514,
        0.029252194140000003
      ],
      "exit_codes": [
        0,
        0,
        0,
        0,
        0,
        0,
        0,
        0,
        0,
        0,
        0,
        0
      ]
    },
    {
      "command": "Python",
      "mean": 0.023942478806666667,
      "stddev": 0.010828167464090406,
      "median": 0.02026644414,
      "user": 0.01712712333333333,
      "system": 0.0035011266666666666,
      "min": 0.01992456914,
      "max": 0.05777940214,
      "times": [
        0.020089194140000002,
        0.02046877714,
        0.02022844414,
        0.02032977714,
        0.02005115314,
        0.02102519414,
        0.02002911014,
        0.02019519414,
        0.020304444140000003,
        0.01992456914,
        0.05777940214,
        0.02688448614
      ],
      "exit_codes": [
        0,
        0,
        0,
        0,
        0,
        0,
        0,
        0,
        0,
        0,
        0,
        0
      ]
    }
  ]
}
