{
  "results": [
    {
      "command": "NaijaScript",
      "mean": 0.011963114243333331,
      "stddev": 0.0004632675702922095,
      "median": 0.01180584366,
      "user": 0.010532753333333334,
      "system": 0.0009647733333333332,
      "min": 0.011522489160000001,
      "max": 0.013102322160000002,
      "times": [
        0.01198823916,
        0.011687572160000001,
        0.011770948160000001,
        0.011818281160000001,
        0.013102322160000002,
        0.011839614160000001,
        0.011771906160000001,
        0.011522489160000001,
        0.01163623916,
        0.01192469716,
        0.01179340616,
        0.012701656160000001
      ],
      "exit_codes": [
        0,
        0,
        0,
        0,
        0,
        0,
        0,
        0,
        0,
        0,
        0,
        0
      ]
    },
    {
      "command": "JavaScript",
      "mean": 0.028447811993333332,
      "stddev": 0.0005886874916074412,
      "median": 0.02837373916,
      "user": 0.019879086666666667,
      "system": 0.004978273333333332,
      "min": 0.027562739160000002,
      "max": 0.029681489160000005,
      "times": [
        0.02845207216,
        0.029681489160000005,
        0.02804944716,
        0.02807707216,
        0.027562739160000002,
        0.028621281160000005,
        0.02844261416,
        0.02809948916,
        0.02817578016,
        0.028304864160000002,
        0.02942957316,
        0.028477322160000002
      ],
      "exit_codes": [
        0,
        0,
        0,
        0,
        0,
        0,
        0,
        0,
        0,
        0,
        0,
        0
      ]
    },
    {
      "command": "Python",
      "mean": 0.022361402493333335,
      "stddev": 0.0026678181649385786,
      "median": 0.021221947660000004,
      "user": 0.018454919999999996,
      "system": 0.0031110233333333337,
      "min": 0.02080028016,
      "max": 0.02811023916,
      "times": [
        0.021292406160000003,
        0.020919864160000003,
        0.021151489160000002,
        0.02110248916,
        0.02100794816,
        0.02148282216,
        0.02080028016,
        0.02113219816,
        0.02134982216,
        0.022032323160000002,
        0.02811023916,
        0.027954948160000003
      ],
      "exit_codes": [
        0,
        0,
        0,
        0,
        0,
        0,
        0,
        0,
        0,
        0,
        0,
        0
      ]
    }
  ]
}
