{
  "results": [
    {
      "command": "NaijaScript",
      "mean": 0.006591521750000002,
      "stddev": 0.00011270294659786367,
      "median": 0.0065960010000000015,
      "user": 0.004928006666666667,
      "system": 0.0012359,
      "min": 0.006444917500000001,
      "max": 0.006845875500000001,
      "times": [
        0.006619917500000001,
        0.006518834500000001,
        0.006667000500000001,
        0.006594542500000002,
        0.006444917500000001,
        0.006493500500000001,
        0.006845875500000001,
        0.006537626500000001,
        0.0067037925000000016,
        0.006610626500000001,
        0.006464167500000001,
        0.0065974595000000014
      ],
      "exit_codes": [
        0,
        0,
        0,
        0,
        0,
        0,
        0,
        0,
        0,
        0,
        0,
        0
      ]
    },
    {
      "command": "JavaScript",
      "mean": 0.029368948750000002,
      "stddev": 0.0005193068345820792,
      "median": 0.0294751675,
      "user": 0.01992484,
      "system": 0.005177566666666667,
      "min": 0.028453001500000002,
      "max": 0.0299407095,
      "times": [
        0.0293161675,
        0.028903959500000003,
        0.0294424595,
        0.0299407095,
        0.029816583500000004,
        0.028453001500000002,
        0.028532875500000002,
        0.029683750500000005,
        0.0295078755,
        0.029778667500000005,
        0.029112500500000003,
        0.0299388345
      ],
      "exit_codes": [
        0,
        0,
        0,
        0,
        0,
        0,
        0,
        0,
        0,
        0,
        0,
        0
      ]
    },
    {
      "command": "Python",
      "mean": 0.02015360866666667,
      "stddev": 0.0003000300816748008,
      "median": 0.020091689000000003,
      "user": 0.016196589999999997,
      "system": 0.003116066666666667,
      "min": 0.019807959500000003,
      "max": 0.0206758345,
      "times": [
        0.0204530015,
        0.0198183335,
        0.0204492925,
        0.020382667500000003,
        0.0206758345,
        0.0203578755,
        0.019913917500000003,
        0.0201710015,
        0.019807959500000003,
        0.0199658345,
        0.019835209500000003,
        0.0200123765
      ],
      "exit_codes": [
        0,
        0,
        0,
        0,
        0,
        0,
        0,
        0,
        0,
        0,
        0,
        0
      ]
    }
  ]
}
