{
  "results": [
    {
      "command": "NaijaScript",
      "mean": 0.21521387383333335,
      "stddev": 0.0198368524730979,
      "median": 0.21024421450000003,
      "user": 0.07462207333333333,
      "system": 0.13048433666666664,
      "min": 0.199752902,
      "max": 0.272751443,
      "times": [
        0.272751443,
        0.22431856900000002,
        0.22292044300000002,
        0.209413818,
        0.199752902,
        0.21377131800000002,
        0.214112943,
        0.202082735,
        0.20158440100000002,
        0.21070386000000002,
        0.20136948500000001,
        0.209784569
      ],
      "exit_codes": [
        0,
        0,
        0,
        0,
        0,
        0,
        0,
        0,
        0,
        0,
        0,
        0
      ]
    },
    {
      "command": "JavaScript",
      "mean": 0.030041429250000005,
      "stddev": 0.000610987435020948,
      "median": 0.030043443000000003,
      "user": 0.02009840666666667,
      "system": 0.005533753333333333,
      "min": 0.029162360000000005,
      "max": 0.03109961,
      "times": [
        0.02979486,
        0.030750610000000005,
        0.030367526000000006,
        0.030505276000000005,
        0.029889318000000005,
        0.030197568,
        0.029162360000000005,
        0.029285401000000003,
        0.029299360000000003,
        0.029792527,
        0.03109961,
        0.030352735000000006
      ],
      "exit_codes": [
        0,
        0,
        0,
        0,
        0,
        0,
        0,
        0,
        0,
        0,
        0,
        0
      ]
    },
    {
      "command": "Python",
      "mean": 0.028033755916666667,
      "stddev": 0.0008684920422502919,
      "median": 0.027766297500000002,
      "user": 0.023924489999999996,
      "system": 0.0032560866666666664,
      "min": 0.027033152,
      "max": 0.029997402,
      "times": [
        0.027693360000000004,
        0.027607902000000004,
        0.029997402,
        0.027824402,
        0.027901485000000004,
        0.027380568,
        0.027347985000000002,
        0.027033152,
        0.027708193000000002,
        0.029180235000000006,
        0.028886902,
        0.027843485
      ],
      "exit_codes": [
        0,
        0,
        0,
        0,
        0,
        0,
        0,
        0,
        0,
        0,
        0,
        0
      ]
    }
  ]
}
