{
  "results": [
    {
      "command": "NaijaScript",
      "mean": 0.02345042917,
      "stddev": 0.00976320716203216,
      "median": 0.020074248920000003,
      "user": 0.016641743333333334,
      "system": 0.0030121099999999997,
      "min": 0.019503935920000003,
      "max": 0.05375839492,
      "times": [
        0.01985997792,
        0.05375839492,
        0.02701568592,
        0.019840060920000003,
        0.02012697792,
        0.02002151992,
        0.01962864392,
        0.02142276992,
        0.01989176892,
        0.019503935920000003,
        0.02018793592,
        0.02014747792
      ],
      "exit_codes": [
        0,
        0,
        0,
        0,
        0,
        0,
        0,
        0,
        0,
        0,
        0,
        0
      ]
    },
    {
      "command": "JavaScript",
      "mean": 0.03137177275333334,
      "stddev": 0.0007241801298819147,
      "median": 0.031275185920000004,
      "user": 0.021987159999999995,
      "system": 0.005203193333333333,
      "min": 0.030021185920000006,
      "max": 0.03276697692,
      "times": [
        0.03173606092,
        0.03185547792,
        0.03180951892,
        0.031164935920000005,
        0.03138543592,
        0.030976102920000005,
        0.030976977920000003,
        0.030021185920000006,
        0.030926643920000003,
        0.03276697692,
        0.032084852920000004,
        0.03075710292
      ],
      "exit_codes": [
        0,
        0,
        0,
        0,
        0,
        0,
        0,
        0,
        0,
        0,
        0,
        0
      ]
    },
    {
      "command": "Python",
      "mean": 0.032736078420000016,
      "stddev": 0.0004439784851213371,
      "median": 0.03269154042,
      "user": 0.02902924333333334,
      "system": 0.002962443333333333,
      "min": 0.03189151892,
      "max": 0.033588477920000005,
      "times": [
        0.03231368592,
        0.032594185920000004,
        0.032641894920000004,
        0.03302164392,
        0.03189151892,
        0.03264618592,
        0.03273689492,
        0.032787102920000005,
        0.033588477920000005,
        0.033031727920000004,
        0.033199435920000006,
        0.032380185920000006
      ],
      "exit_codes": [
        0,
        0,
        0,
        0,
        0,
        0,
        0,
        0,
        0,
        0,
        0,
        0
      ]
    }
  ]
}
